{
  "project_info": {
    "project_number": "94037105070",
    "firebase_url": "https://frtry1.firebaseio.com",
    "project_id": "frtry1",
    "storage_bucket": "frtry1.appspot.com"
  },
  "client": [
    {
      "client_info": {
        "mobilesdk_app_id": "1:94037105070:android:c6654bf9120ca08cf9503f",
        "android_client_info": {
          "package_name": "com.example.frtry1"
        }
      },
      "oauth_client": [
        {
          "client_id": "94037105070-er3opnsknsl9jpc8giu31ke3p0tlooub.apps.googleusercontent.com",
          "client_type": 1,
          "android_info": {
            "package_name": "com.example.frtry1",
            "certificate_hash": "cf10db28bb402db30702b91427340fe29dd2172d"
          }
        },
        {
          "client_id": "94037105070-eqcf1jp2ek3vldjmdj3fv2fbfcpj1emt.apps.googleusercontent.com",
          "client_type": 3
        }
      ],
      "api_key": [
        {
          "current_key": "AIzaSyCkMRIJOu7Q7rG0v4dcRxy7FJbOjltxs20"
        }
      ],
      "services": {
        "appinvite_service": {
          "other_platform_oauth_client": [
            {
              "client_id": "94037105070-eqcf1jp2ek3vldjmdj3fv2fbfcpj1emt.apps.googleusercontent.com",
              "client_type": 3
            }
          ]
        }
      }
    }
  ],
  "configuration_version": "1"
}